"nome_arquivo","complexidade_img","bioacous_audio"
"20240101_000000",0.469907462662816,2.13676583443494
"20240101_001000",0.456920191338829,2.43527472562839
"20240101_002000",0.457782055149157,2.35018733218475
"20240101_003000",0.456655085936828,2.24265058064087
"20240101_004000",0.459544481648413,2.51293945763435
"20240101_005000",0.458835243321912,2.5124012483081
"20240101_010000",0.462728278174773,2.62215049665232
"20240101_011000",0.458797629458599,2.57334568459107
"20240101_012000",0.46085047838324,2.59849741719431
"20240101_013000",0.457440998677005,2.60662533548061
"20240101_014000",0.457745526301132,2.57620909463659
"20240101_015000",0.463457770119981,2.63868101123829
"20240101_020000",0.457887663303843,2.44914397229982
"20240101_021000",0.459568351984746,2.34555504073705
"20240101_022000",0.464457430871868,2.32365369457789
"20240101_023000",0.456788181145472,2.44139141818065
"20240101_024000",0.456334283083382,2.40566682836055
"20240101_025000",0.455069878601256,2.53451791502991
"20240101_030000",0.454724843739715,1.98252750234074
"20240101_031000",0.457237377474649,2.34277344279991
"20240101_032000",0.456505715498865,2.38039746911866
"20240101_033000",0.456589623347793,2.35875210821331
"20240101_034000",0.457235569115836,2.22142080091352
"20240101_035000",0.456981675538475,2.20506299843562
"20240101_040000",0.460493870025295,2.40907459570155
"20240101_041000",0.456527777476385,1.94656380215998
"20240101_042000",0.457664873498068,2.11884842363213
"20240101_043000",0.4541599124465,1.96980408296306
"20240101_044000",0.454028625596668,2.15101555985984
"20240101_045000",0.454059006024728,1.84488998746549
"20240101_050000",0.456597580126571,1.93302159210189
"20240101_051000",0.45873976197658,2.07841571279451
"20240101_052000",0.456714038434135,2.17757690587402
"20240101_053000",0.454785604595835,1.89584999402117
"20240101_054000",0.457163958106836,1.95921480290712
"20240101_055000",0.453910358930291,1.81098752009107
"20240101_060000",0.456518012338794,1.85241386863023
"20240101_061000",0.457260886139219,1.91695076460191
"20240101_062000",0.456627960554631,1.73076171773913
"20240101_063000",0.4537902839051,1.61490660041144
"20240101_064000",0.453021731409529,1.60728467090219
"20240101_065000",0.451421333859927,1.68050844726097
"20240101_070000",0.453494074731513,1.72581708030191
"20240101_071000",0.456900299391885,1.6007954777535
"20240101_072000",0.453445249043559,1.81662672856709
"20240101_073000",0.451946842931017,1.83680474108836
"20240101_074000",0.453682505719839,1.76141736924593
"20240101_075000",0.453180143641557,1.84401024284178
"20240101_080000",0.45273637238882,1.76084206598157
"20240101_081000",0.450934885339201,1.63518837804036
"20240101_082000",0.451905250678315,1.71037935127829
"20240101_083000",0.467760940751655,1.87713536509186
"20240101_084000",0.491736523567617,2.4865270119482
"20240101_085000",0.468382654511602,3.73209915982302
"20240101_090000",0.466085315475428,2.72162141076022
"20240101_091000",0.465350398453781,2.00684846662592
"20240101_092000",0.463225576848378,2.44728603281165
"20240101_093000",0.461497870838333,2.71359631427485
"20240101_094000",0.477537290167085,2.84321712161289
"20240101_095000",0.48471394295279,3.91428400091417
"20240101_100000",0.470010900786925,4.34907528661011
"20240101_101000",0.472946952155889,5.20777928620922
"20240101_102000",0.476010311985296,4.09310020426557
"20240101_103000",0.474573390072399,3.70213396504354
"20240101_104000",0.472665933196332,4.20476336063294
"20240101_105000",0.482282423692683,2.72976558856669
"20240101_110000",0.478267505455819,4.53257664978481
"20240101_111000",0.482444090970575,4.43803316470085
"20240101_112000",0.472530667957112,4.18532401377972
"20240101_113000",0.470058279787829,4.36424451935293
"20240101_114000",0.473038455111833,3.97898205312294
"20240101_115000",0.473009521370823,3.59169624917821
"20240101_120000",0.462887052078564,2.14702136544226
"20240101_121000",0.45885296523828,2.30644957496159
"20240101_122000",0.461100031899449,2.48331399193564
"20240101_123000",0.46062009347045,2.39702343151847
"20240101_124000",0.452048834368076,1.39522278979407
"20240101_125000",0.458580626401026,2.48321271333281
"20240101_130000",0.456616387058227,1.46578863322003
"20240101_131000",0.448852379330025,1.61073589748957
"20240101_132000",0.448929777087226,1.31635951756516
"20240101_133000",0.440720551419236,0.946325770262447
"20240101_134000",0.441012058859909,0.715266420608793
"20240101_135000",0.443934728373656,1.02486067065868
"20240101_140000",0.452458608475127,0.803101303707506
"20240101_141000",0.441663068032629,0.670715683305272
"20240101_142000",0.441409174455268,0.496321509553336
"20240101_143000",0.435240862543753,0.656059314116782
"20240101_144000",0.44174191247688,0.674629390440758
"20240101_145000",0.440238442959661,1.91579848715537
"20240101_150000",0.43972920911789,1.18475870590293
"20240101_151000",0.438826838070148,0.691550473516329
"20240101_152000",0.44051005845339,0.610531218576072
"20240101_153000",0.439376579149334,0.791457722425749
"20240101_154000",0.448483835803913,0.734248551938045
"20240101_155000",0.461321013346411,0.908020136988676
"20240101_160000",0.437746162843434,0.89636463180751
"20240101_161000",0.454699888388094,0.949864345249112
"20240101_162000",0.435507414632806,0.58110138885579
"20240101_163000",0.454415614382673,0.789637649745906
"20240101_164000",0.433616232986056,0.536756282859557
"20240101_165000",0.433570300672203,0.727937028826096
"20240101_170000",0.437998248061982,0.836180659670133
"20240101_171000",0.438935339598935,0.857755024537269
"20240101_172000",0.493403468721541,0.907092998843844
"20240101_173000",0.477794800462072,1.51163609997037
"20240101_174000",0.475048626768485,1.42730302307643
"20240101_175000",0.443008486989582,0.555857710338661
"20240101_180000",0.453615234771991,0.871181643524366
"20240101_181000",0.444085907170432,0.810013151686725
"20240101_182000",0.499070141898299,4.63620961477854
"20240101_183000",0.506810279290169,3.08740498178839
"20240101_184000",0.510236757569247,4.75018578578748
"20240101_185000",0.514029971015625,3.36427663150055
"20240101_190000",0.51494391555977,2.63749191255506
"20240101_191000",0.487914014708467,2.09176767610774
"20240101_192000",0.484679945807103,2.11348967645716
"20240101_193000",0.468981221278741,1.81001071330623
"20240101_194000",0.481493617578405,2.06722196732594
"20240101_195000",0.505837743920479,2.75124038406596
"20240101_200000",0.483396372721558,1.92766491586162
"20240101_201000",0.506252219760443,3.52253831706583
"20240101_202000",0.506848616497006,2.27612317842031
"20240101_203000",0.512421616687246,3.00616450736818
"20240101_204000",0.499736702956811,2.18458609849052
"20240101_205000",0.511513458891302,2.73555927486945
"20240101_210000",0.487494113792063,2.36023140208571
"20240101_211000",0.510944187536936,2.68041503141144
"20240101_212000",0.489195779435199,4.49158980812009
"20240101_213000",0.505966860739735,3.66563973046377
"20240101_214000",0.510255564500904,2.64902107628227
"20240101_215000",0.507238860328875,2.46902506284208
"20240101_220000",0.500469449947883,2.88743092902839
"20240101_221000",0.498182237721063,3.39999851712727
"20240101_222000",0.494847262397927,3.17920124961508
"20240101_223000",0.506677184081524,2.53626435507176
"20240101_224000",0.505707903757697,5.27345869619598
"20240101_225000",0.506727094784766,4.61476546204917
"20240101_230000",0.504467007940142,3.80924293404997
"20240101_231000",0.498482786955802,3.26827504659292
"20240101_232000",0.501219557183561,3.71861353336
"20240101_233000",0.498052397558282,5.02006956635177
"20240101_234000",0.49342408401201,3.92063409497347
"20240101_235000",0.49001677433635,3.9823628426506
"20240102_000000",0.487849637134721,4.02016619133477
"20240102_001000",0.485074168028361,3.88774994115887
"20240102_002000",0.482908477513782,4.15730674886158
"20240102_003000",0.498403219168025,2.9530391515108
"20240102_004000",0.492432380038901,2.79909244906486
"20240102_005000",0.488154888102373,3.04242818064266
"20240102_010000",0.501146137815748,2.73541096002341
"20240102_011000",0.501538551678193,3.02573036978604
"20240102_012000",0.501686837100868,3.03737205259608
"20240102_013000",0.500801102954207,3.45089003196855
"20240102_014000",0.496802098274898,3.75333479301985
"20240102_015000",0.491787519286147,3.40448566767007
"20240102_020000",0.496805353320762,3.72662359708429
"20240102_021000",0.498022740473747,4.72131549753764
"20240102_022000",0.498617690523259,3.99283076381861
"20240102_023000",0.49142512418,3.89417869180999
"20240102_024000",0.48922218147387,4.04824557517732
"20240102_025000",0.489401208996368,4.30474559401902
"20240102_030000",0.486219582500584,4.34147374917131
"20240102_031000",0.486477092795571,4.0461400522791
"20240102_032000",0.490782433457821,3.19001693319085
"20240102_033000",0.49363783202372,2.83460914123094
"20240102_034000",0.492848664237679,3.32004906083398
"20240102_035000",0.492988269538051,2.72847743737666
"20240102_040000",0.49732796901775,2.38546159734581
"20240102_041000",0.492415743137821,2.92423445749653
"20240102_042000",0.491827664851798,2.37898282510122
"20240102_043000",0.49000700919876,2.65981275947582
"20240102_044000",0.489366126835394,2.35130428086273
"20240102_045000",0.491244288298689,4.83209762747008
"20240102_050000",0.49533877432333,2.94549260393484
"20240102_051000",0.491007031622409,3.64566300063555
"20240102_052000",0.49502701326395,2.42778904986091
"20240102_053000",0.493271820199947,3.38398408640545
"20240102_054000",0.491998373923755,2.63041082605099
"20240102_055000",0.495603518053569,2.49453643257498
"20240102_060000",0.496174597766749,2.78564047955645
"20240102_061000",0.495387961683047,2.58784172752243
"20240102_062000",0.496338073403454,2.63182004011075
"20240102_063000",0.502052125581116,3.42726595739708
"20240102_064000",0.498974660552967,3.5330294367531
"20240102_065000",0.495461742722622,3.14051369284447
"20240102_070000",0.494009992267458,2.88948287291819
"20240102_071000",0.497608626305545,2.83920075562496
"20240102_072000",0.493770927232365,2.61393563071299
"20240102_073000",0.495426660561647,2.86349421993661
"20240102_074000",0.495102964334101,2.25015971410111
"20240102_075000",0.502684689493942,3.19775596698285
"20240102_080000",0.507916271540266,3.18020311068209
"20240102_081000",0.50524894229093,3.17655422182099
"20240102_082000",0.493328602666678,2.32066511229007
"20240102_083000",0.497983679923383,2.50122930894381
"20240102_084000",0.491433080958777,2.40093367632846
"20240102_085000",0.490577365568414,2.46974944765469
"20240102_090000",0.510524648292294,2.37068236101981
"20240102_091000",0.501329505399398,2.19791757609471
"20240102_092000",0.493473271371727,3.44190906409556
"20240102_093000",0.499891498471213,4.29654416855671
"20240102_094000",0.499884626707724,4.00466694592184
"20240102_095000",0.491561112762746,3.90704221685111
"20240102_100000",0.489110063227458,3.78979387253319
"20240102_101000",0.491823686462409,3.2679765853741
"20240102_102000",0.495266801642568,4.84313881877708
"20240102_103000",0.495489953120106,2.61607108864083
"20240102_104000",0.499337055659114,3.41053057527689
"20240102_105000",0.490629446302232,3.41677206935872
"20240102_110000",0.499150794701364,2.95300819157181
"20240102_111000",0.493768757201789,3.30441682677064
"20240102_112000",0.491301794108946,3.46586969659844
"20240102_113000",0.494938403682108,3.44894898864811
"20240102_114000",0.49576229195736,3.17633016357245
"20240102_115000",0.490435228565704,4.21674569453364
"20240102_120000",0.485473453654295,4.14218033694262
"20240102_121000",0.490106468933481,4.27709226147803
"20240102_122000",0.479829565798582,4.50099554098842
"20240102_123000",0.480122158254543,4.59961499703695
"20240102_124000",0.484790979038228,4.46640344716187
"20240102_125000",0.474816071825119,4.37855299794759
"20240102_130000",0.477095327273161,4.34884138946292
"20240102_131000",0.476153172331531,4.63941869271406
"20240102_132000",0.476199466317147,4.62541649991288
"20240102_133000",0.473928529319645,4.5524831405866
"20240102_134000",0.483098355189158,4.41654464604271
"20240102_135000",0.474321666525615,4.14438526745238
"20240102_140000",0.471516178662957,4.32955041557006
"20240102_141000",0.472214928508343,4.20792286642355
"20240102_142000",0.475124577838635,4.13742062416932
"20240102_143000",0.481837205752896,2.85097855999365
"20240102_144000",0.471865191913887,4.20957445928356
"20240102_145000",0.484479941322373,4.24478832479
"20240102_150000",0.474753864281948,4.09030636427747
"20240102_151000",0.467695839834383,1.4429269182218
"20240102_152000",0.441723467216986,1.14660279670601
"20240102_153000",0.459105050456828,2.21002141852553
"20240102_154000",0.460435279199751,1.24387818621583
"20240102_155000",0.459375942607031,7.30711811577019
"20240102_160000",0.442762188519236,1.49224916661924
"20240102_161000",0.489011688508024,3.12858987548669
"20240102_162000",0.486975476484464,3.78777163898024
"20240102_163000",0.493009246500283,3.33878170258314
"20240102_164000",0.493617940076776,3.30203636437074
"20240102_165000",0.479454873852506,2.03867507431239
"20240102_170000",0.480977150301381,1.03255309624785
"20240102_171000",0.474182784568768,1.40399334332222
"20240102_172000",0.444455535711831,1.30724161240814
"20240102_173000",0.480285272219486,3.51625237813745
"20240102_174000",0.449727986667332,2.18594691625503
"20240102_175000",0.457222548932381,1.09662063307877
"20240102_180000",0.446747811343328,1.15221327952653
"20240102_181000",0.442465617673886,0.959563972363122
"20240102_182000",0.433007539409564,0.652411323049191
"20240102_183000",0.441152387503807,1.15944144615056
"20240102_184000",0.444544145293674,1.84239180396216
"20240102_185000",0.452028942421132,0.876737510709999
"20240102_190000",0.497100115807298,4.71631777859184
"20240102_191000",0.501375799385013,3.79882433627337
"20240102_192000",0.507370147178707,2.53983739730909
"20240102_193000",0.487177289328007,2.03477380746637
"20240102_194000",0.485119376998689,1.78617538677893
"20240102_195000",0.46074559357208,1.1929489947771
"20240102_200000",0.464127586224357,1.90969396435662
"20240102_201000",0.453545793793568,1.66483027937744
"20240102_202000",0.474980994148874,2.08165464003725
"20240102_203000",0.491154955373321,2.79856722552977
"20240102_204000",0.493405638752117,5.31072957570365
"20240102_205000",0.497015122943082,4.48676761051835
"20240102_210000",0.500266913760815,3.15805846155636
"20240102_211000",0.48947462836418,3.91691169095955
"20240102_212000",0.496507697460124,5.58715956401016
"20240102_213000",0.494855219176705,4.44221554009837
"20240102_214000",0.494106558628078,4.17460231690427
"20240102_215000",0.505976625877325,4.48614761169618
"20240102_220000",0.504146566758459,4.69016040113557
"20240102_221000",0.50277691579341,3.032281946342
"20240102_222000",0.50019168603419,3.73623380004763
"20240102_223000",0.506539748811727,3.15397973623199
"20240102_224000",0.50138086278969,3.14680108012924
"20240102_225000",0.495779290530204,2.81494867161277
"20240102_230000",0.495890685433091,3.16296031128771
"20240102_231000",0.490689122143064,2.75633250714853
"20240102_232000",0.494680531715359,2.26861000030473
"20240102_233000",0.497215850771337,3.15902474486283
"20240102_234000",0.494844007352064,2.26155518743454
"20240102_235000",0.488226499111373,3.52788906424462
"20240103_000000",0.495913832425899,4.33429301793178
"20240103_001000",0.496676959845031,4.42679619204247
"20240103_002000",0.495340582682143,2.76160535779337
"20240103_003000",0.49674712416698,3.25603902734685
"20240103_004000",0.499201428748131,3.07297196546875
"20240103_005000",0.49687551764271,3.81455919180722
"20240103_010000",0.495447999195642,3.26809099737997
"20240103_011000",0.495590859541878,3.74481959516096
"20240103_012000",0.495788332324269,3.08090778456778
"20240103_013000",0.499885711723011,3.0130865757494
"20240103_014000",0.501388819568468,3.49827564121236
"20240103_015000",0.499156581449566,3.85600397933046
"20240103_020000",0.493714868109158,3.91783125174964
"20240103_021000",0.493731505010239,4.05744580041795
"20240103_022000",0.489870297272489,4.06331564887467
"20240103_023000",0.490514796353481,4.15946359360809
"20240103_024000",0.492116640590133,3.85027038693955
"20240103_025000",0.495226656076917,2.01891214871536
"20240103_030000",0.495620516626413,2.90621723530585
"20240103_031000",0.511463186516298,2.65805189084029
"20240103_032000",0.518309994654491,3.00141936557743
"20240103_033000",0.505684033421364,2.41507833507045
"20240103_034000",0.49537457982783,2.57070293575896
"20240103_035000",0.502548700911196,2.98341326499736
"20240103_040000",0.500882479100797,2.91542687367366
"20240103_041000",0.490570132133162,2.28513764674162
"20240103_042000",0.490641381470398,2.29951159452634
"20240103_043000",0.486066233673232,2.65520129800928
"20240103_044000",0.489455098088999,2.29337342571686
"20240103_045000",0.48799032745038,3.19374741446126
"20240103_050000",0.494902959849371,2.89983793747802
"20240103_051000",0.500329844647511,3.13379862894632
"20240103_052000",0.493526437120832,3.00982999486492
"20240103_053000",0.492582112148627,4.07486742641909
"20240103_054000",0.504082189184712,3.09669235599072
"20240103_055000",0.49677895128209,3.44695437960134
"20240103_060000",0.496088158215483,3.59212196785076
"20240103_061000",0.495005674629956,3.29137386543388
"20240103_062000",0.498854947199539,3.77708715952819
"20240103_063000",0.512592687430966,3.0841452578002
"20240103_064000",0.508369084587069,2.64723273209918
"20240103_065000",0.498394177373959,2.35014223479718
"20240103_070000",0.491133616739327,3.12598495688168
"20240103_071000",0.516032185893499,3.05827445804073
"20240103_072000",0.51430520322698,2.84700835546448
"20240103_073000",0.509698589986466,2.62271516685492
"20240103_074000",0.521630141435359,3.39838632874595
"20240103_075000",0.52123157915295,3.09271991618232
"20240103_080000",0.504564297644287,2.87231074150638
"20240103_081000",0.506454394275749,3.21607267307798
"20240103_082000",0.499423856882143,2.26435934638206
"20240103_083000",0.503840592447281,3.22289931951275
"20240103_084000",0.501099120486608,3.01649208652525
"20240103_085000",0.487702436727333,2.57098887345996
"20240103_090000",0.487257580459309,2.59505249270728
"20240103_091000",0.502466601421081,3.1737057190554
"20240103_092000",0.492595855675606,3.07945620077012
"20240103_093000",0.491898190845509,2.94289849092133
"20240103_094000",0.485763876079681,3.89187865142777
"20240103_095000",0.490797985343614,3.08750025972075
"20240103_100000",0.489689461391178,2.92717159166777
"20240103_101000",0.519854694752649,2.4857407680584
"20240103_102000",0.510568772247334,4.17171846612471
"20240103_103000",0.496807523351337,3.11212397669385
"20240103_104000",0.500840525176333,2.90028158257424
"20240103_105000",0.500501638734756,2.9436238398708
"20240103_110000",0.500214109683472,3.78336498150962
"20240103_111000",0.506062703756829,4.74176339211715
"20240103_112000",0.494638577790894,3.98033061690568
"20240103_113000",0.488853276275996,4.0127448526229
"20240103_114000",0.488983839782303,4.14201722364637
"20240103_115000",0.494787586557095,3.68014322290917
"20240103_120000",0.488542600231904,4.10927203419692
"20240103_121000",0.483908499937431,3.82770163730284
"20240103_122000",0.487874592486341,3.96140623665502
"20240103_123000",0.484131651414968,4.39357396554597
"20240103_124000",0.487903526227351,3.87569394286025
"20240103_125000",0.490956035903879,4.30960072563263
"20240103_130000",0.482358013091071,4.61317308292653
"20240103_131000",0.483456048562391,3.73875897601078
"20240103_132000",0.473673550726996,2.99832689817541
"20240103_133000",0.496708786960142,2.19057778354935
"20240103_134000",0.502860823642338,3.61130751326222
"20240103_135000",0.488935737437874,3.46146702745403
"20240103_140000",0.490966162713233,3.26176866517165
"20240103_141000",0.485911076487068,2.6925456257977
"20240103_142000",0.489891997578246,3.26218196918035
"20240103_143000",0.496895047917892,2.67991913036319
"20240103_144000",0.495258844863791,3.51114956823397
"20240103_145000",0.498638667485492,3.76908674342257
"20240103_150000",0.49371233640682,2.56657439372581
"20240103_151000",0.499878839959522,3.08810410739823
"20240103_152000",0.503967539235961,3.3273184845261
"20240103_153000",0.497318203880159,2.87652045251261
"20240103_154000",0.494067859749477,2.74872206500645
"20240103_155000",0.494290649555252,3.20807503104194
"20240103_160000",0.491964015106306,3.34969293362354
"20240103_161000",0.495739506636315,3.40612405552184
"20240103_162000",0.500722620181718,2.47323338022269
"20240103_163000",0.499135242815571,2.71034841945371
"20240103_164000",0.497333755765952,2.85232443080909
"20240103_165000",0.497601392870292,2.96865233181705
"20240103_170000",0.493633491962568,3.19256970084519
"20240103_171000",0.488489434482799,2.68958057258265
"20240103_172000",0.494760099503135,2.83655037119175
"20240103_173000",0.494093538444623,3.37366860653362
"20240103_174000",0.502953773285332,3.04749330728168
"20240103_175000",0.496227040172329,3.6058413284679
"20240103_180000",0.488473882597006,3.63111642798709
"20240103_181000",0.495957594709176,6.26952059928707
"20240103_182000",0.472474608833905,3.58491366706674
"20240103_183000",0.470721224128715,3.58044728097704
"20240103_184000",0.492990077896864,3.37404690871434
"20240103_185000",0.492043582894083,3.50789066607801
"20240103_190000",0.488204798805615,3.20854791354766
"20240103_191000",0.483730919101983,3.1518114824578
"20240103_192000",0.465303019452877,2.90337072021271
"20240103_193000",0.466420946871141,2.73707703204377
"20240103_194000",0.466398884893621,2.75195425006626
"20240103_195000",0.483076293211638,3.0066817099452
"20240103_200000",0.465678073070716,2.35008494784493
"20240103_201000",0.486877101765031,2.64512167658852
"20240103_202000",0.462900072262018,2.58286827838775
"20240103_203000",0.465633225772151,2.59327989778332
"20240103_204000",0.475266714841345,2.35907432507618
"20240103_205000",0.461938387045207,2.32631817899004
"20240103_210000",0.473659445528254,3.13591679961515
"20240103_211000",0.472697760311443,2.06445455312696
"20240103_212000",0.47730762859782,2.15637118191339
"20240103_213000",0.472559240026359,2.12271664212006
"20240103_214000",0.493261693390593,2.29017840661985
"20240103_215000",0.474184954599344,2.31013152503085
"20240103_220000",0.505169374503153,4.40359562673042
"20240103_221000",0.509424081118636,3.37853445661451
"20240103_222000",0.507248625466466,2.75726306734842
"20240103_223000",0.498171387568184,2.24624075827512
"20240103_224000",0.488850382901895,1.84552107961019
"20240103_225000",0.485048127661452,3.04542193822653
"20240103_230000",0.482153306873427,2.05686187955156
"20240103_231000",0.480453811260867,2.21614467334291
"20240103_232000",0.477832052653622,2.08046083927188
"20240103_233000",0.475862749906146,2.29522415535
"20240103_234000",0.477105454082515,2.07275474275754
"20240103_235000",0.474667786402444,2.04407917646875
"20240104_000000",0.473825452867298,2.20252998119783
"20240104_001000",0.473208079168502,2.28027573126724
"20240104_002000",0.478304395975606,2.37924357720632
"20240104_003000",0.472857257558759,2.17183295544094
"20240104_004000",0.473299220452683,1.9887568432596
"20240104_005000",0.473360704652329,2.38330973718542
"20240104_010000",0.475751355003259,2.58397098299606
"20240104_011000",0.474203399859237,2.59223675519659
"20240104_012000",0.47503415989798,2.46366134406615
"20240104_013000",0.47294984552999,2.56334880109977
"20240104_014000",0.476410320954756,2.60032552721236
"20240104_015000",0.475356771110238,3.0814063077622
"20240104_020000",0.473539370503064,3.1191404704404
"20240104_021000",0.474963272232506,3.09541195215458
"20240104_022000",0.475809222485278,3.22875225706173
"20240104_023000",0.472300283044321,3.06722312189673
"20240104_024000",0.473728524834915,3.19498849094055
"20240104_025000",0.485305637956439,2.69016541259565
"20240104_030000",0.475709762750557,3.12190161603106
"20240104_031000",0.496610050568946,2.32556368248401
"20240104_032000",0.471660847368006,3.15179450510996
"20240104_033000",0.47121309772588,2.99071918377091
"20240104_034000",0.472881851238617,3.16268438173853
"20240104_035000",0.472907529933763,3.05158353611927
"20240104_040000",0.473572282633462,3.04420153727392
"20240104_041000",0.471073492425508,3.12824126856741
"20240104_042000",0.470738946045083,3.03529058448716
"20240104_043000",0.470595362355322,3.14251147206307
"20240104_044000",0.470341468777962,3.06168161157934
"20240104_045000",0.467794937897342,2.95624454787862
"20240104_050000",0.470091915261753,2.91549430084016
"20240104_051000",0.469079595998174,2.92265546254505
"20240104_052000",0.469373996812948,2.93241577656232
"20240104_053000",0.469051023928927,2.833532057565
"20240104_054000",0.467037958898174,2.89701247658079
"20240104_055000",0.467250621894596,2.79685451608759
"20240104_060000",0.468184096713923,2.6383144221685
"20240104_061000",0.465690369910645,2.72935760106889
"20240104_062000",0.467063999265083,2.72582448630443
"20240104_063000",0.468326233716633,2.70728206936966
"20240104_064000",0.468581935652807,2.8349730957594
"20240104_065000",0.467169607419769,2.7750040681857
"20240104_070000",0.465958007014986,2.74521386551749
"20240104_071000",0.469187012511673,2.68823363266321
"20240104_072000",0.465157265732541,2.62877621887272
"20240104_073000",0.477090263868485,2.53751842681087
"20240104_074000",0.465785489584215,2.70986984314958
"20240104_075000",0.466381162977253,2.67020269430774
"20240104_080000",0.465350760125543,2.57755533923278
"20240104_081000",0.476486633696669,2.49323706892837
"20240104_082000",0.474445719940194,2.89539623921113
"20240104_083000",0.470844915871531,2.42092505172736
"20240104_084000",0.487192479542037,3.25460059575751
"20240104_085000",0.492001267297856,4.92319401901203
"20240104_090000",0.475851176409742,4.24144910406756
"20240104_091000",0.494510545986926,3.51426867672598
"20240104_092000",0.493341622850133,5.28071007268762
"20240104_093000",0.475942317693923,2.59438374611092
"20240104_094000",0.478194447759769,2.37973097060958
"20240104_095000",0.472650742982302,2.92084160490768
"20240104_100000",0.474250055516616,2.95161422801183
"20240104_101000",0.50501855737814,3.18028521173667
"20240104_102000",0.486381249778476,2.86371004904221
"20240104_103000",0.477532226762408,2.88406377944472
"20240104_104000",0.479594117481115,5.192196947168
"20240104_105000",0.478990125637537,4.19372033368995
"20240104_110000",0.476536906071673,2.61507609964351
"20240104_111000",0.468439798650096,3.24914443157683
"20240104_112000",0.475359302812577,5.23604536256054
"20240104_113000",0.471742223514596,2.29069561588429
"20240104_114000",0.46851755807906,2.51692097704996
"20240104_115000",0.47871597844147,1.74994598756554
"20240104_120000",0.491141573518104,3.38053058237686
"20240104_121000",0.501934220586501,6.2920667417383
"20240104_122000",0.501083206929052,2.82537918668625
"20240104_123000",0.497888198578051,2.66813529699249
"20240104_124000",0.506017494786501,3.70834771302953
"20240104_125000",0.499316802040407,3.96271000125604
"20240104_130000",0.502886502337485,4.48135003697737
"20240104_131000",0.502610908454367,3.89602609423986
"20240104_132000",0.499191301938778,2.96311424325597
"20240104_133000",0.49626573905093,3.08899736501229
"20240104_134000",0.501734939445297,3.56532336293039
"20240104_135000",0.50441022547341,3.0216429234214
"20240104_140000",0.504331019357396,1.82717416473651
"20240104_141000",0.50870869437217,3.22782478705774
"20240104_142000",0.520457963252702,2.37887043579938
"20240104_143000",0.500151902140301,2.01594860284298
"20240104_144000",0.489189992686997,2.35344751744753
"20240104_145000",0.493047583707121,2.06659380902401
"20240104_150000",0.474512990888042,2.42484393571086
"20240104_151000",0.473922742571443,2.49231351700408
"20240104_152000",0.477033843073516,2.312148801347
"20240104_153000",0.49656375658333,2.15122253516197
"20240104_154000",0.469616678565668,2.19569387735908
"20240104_155000",0.477466764173374,2.33318685314183
"20240104_160000",0.47073569099922,2.19119687212642
"20240104_161000",0.462272210082107,2.23553710004143
"20240104_162000",0.464718557884481,1.90273835673526
"20240104_163000",0.475759673453799,1.82804116452099
"20240104_164000",0.499435068706785,2.35847547967578
"20240104_165000",0.485513960891709,1.94777921529499
"20240104_170000",0.504646397134402,2.45362104878492
"20240104_171000",0.485453200035589,1.58462863007662
"20240104_172000",0.468597849210362,1.93295014361913
"20240104_173000",0.475344835942072,2.06955460595946
"20240104_174000",0.47271258885371,2.37012409990458
"20240104_175000",0.462794825779095,2.00594175421079
"20240104_180000",0.459935087152045,2.15684622390525
"20240104_181000",0.483737790865473,2.11737719994662
"20240104_182001",0.474643192722585,1.82855889529288
"20240104_183000",0.458741932007155,1.64136015754866
"20240104_184000",0.455296285124657,1.2489357248385
"20240104_185000",0.482214791073073,1.45205787578538
"20240104_190000",0.451471244563169,1.53620633194043
"20240104_191000",0.451359849660282,1.23181792235371
"20240104_192000",0.455792137111212,1.06842371633791
"20240104_193000",0.453378701439237,1.58944037489345
"20240104_194000",0.464206792340371,1.64367806472777
"20240104_195000",0.46848175257456,1.59287625360725
"20240104_200000",0.457543713457589,2.05344132110942
"20240104_201000",0.460911962582886,2.43512784484787
"20240104_202000",0.457712614170734,2.36397435281136
"20240104_203000",0.459650813146624,2.16871379934419
"20240104_204000",0.465224175008626,2.12444617161127
"20240104_205000",0.457451487158121,1.9472018996063
"20240104_210000",0.462112351163028,1.60608004521344
"20240104_211000",0.493240716428361,0.758440797494358
"20240104_212000",0.461557546679166,1.04224133232038
"20240104_213000",0.463881649425774,3.54730188950999
"20240104_214000",0.5231614596783,3.05953116082599
"20240104_215000",0.502543275834757,2.15837733988737
"20240104_220000",0.467404694065473,3.00415506096409
"20240104_221000",0.454035497360158,1.57432134742801
"20240104_222000",0.453349044354702,1.82096889124389
"20240104_223000",0.46200638133658,2.299374401256
"20240104_224000",0.462695366044374,2.35875686229568
"20240104_225000",0.455430103676827,2.08919644865114
"20240104_230000",0.457083305303772,1.96673697365929
"20240104_231000",0.457364685935091,2.06268885628988
"20240104_232000",0.458590753210379,2.32456368879505
"20240104_233000",0.457455827219272,2.13580309198458
"20240104_234000",0.461977809267333,2.40262131955105
"20240104_235000",0.458769057389352,2.17327682241892
"20240105_000000",0.458156385423471,2.13977681943146
"20240105_001000",0.457931063915357,2.29489925412967
"20240105_002000",0.459450085318369,2.40270856664113
"20240105_003000",0.461830970531708,2.64390457346416
"20240105_004000",0.462590481233214,2.79392970453933
"20240105_005000",0.461401304477713,2.73659424747136
"20240105_010000",0.463127202128945,2.57199726965073
"20240105_011000",0.464529041880867,2.71791316155631
"20240105_012000",0.462186493874365,2.58146959632435
"20240105_013000",0.478862093833569,3.11355586913808
"20240105_014000",0.493585751289902,3.4229174408389
"20240105_015000",0.502969325171125,7.16229996890414
"20240105_020000",0.501590270740248,2.50214219056831
"20240105_021000",0.503068061562321,2.57416876243867
"20240105_022000",0.492369087480443,2.2459126872728
"20240105_023000",0.487666992894597,2.08699387891749
"20240105_024000",0.48008309770418,2.47509119419093
"20240105_025000",0.484141416552559,2.35851709434582
"20240105_030000",0.477466040829849,2.15077662360953
"20240105_031000",0.476024778855801,3.00868988065941
"20240105_032000",0.475034521569742,2.34168434623606
"20240105_033000",0.472340790281735,2.06674211466685
"20240105_034000",0.47285183248232,2.55579976018305
"20240105_035000",0.472779136458033,2.24326181180565
"20240105_040000",0.474823305260371,2.45471644623377
"20240105_041000",0.470805855321168,2.43528741925175
"20240105_042000",0.472565026774561,2.38895568895513
"20240105_043000",0.471419612302337,2.72779249964908
"20240105_044000",0.470289388044144,2.81364537332861
"20240105_045000",0.471640232077537,2.89186510161212
"20240105_050000",0.469455011287776,2.74378628738648
"20240105_051000",0.474037030848431,2.56563808753616
"20240105_052000",0.480449109527953,2.5994527375621
"20240105_053000",0.475258034719043,2.70234825176997
"20240105_054000",0.475633088336881,2.66863782828097
"20240105_055000",0.474401234313391,2.78000856480446
"20240105_060000",0.476185361118405,2.59610937880219
"20240105_061000",0.475367621263117,2.8570496163943
"20240105_062000",0.475779565400743,2.79164202746663
"20240105_063000",0.470481435750096,2.78823258052537
"20240105_064000",0.472046027795198,2.6782368633145
"20240105_065000",0.471707864697147,2.78075435947828
"20240105_070000",0.469977265313002,2.4738952388656
"20240105_071000",0.470809472038794,2.47866687846601
"20240105_072000",0.465014043714543,2.45710143456898
"20240105_073000",0.465822741775765,2.35860774603099
"20240105_074000",0.466486409460176,2.32636767473974
"20240105_075000",0.466578274087882,2.00229007700545
"20240105_080000",0.46326861578813,1.92061510220651
"20240105_081000",0.461620477565862,1.84518834145642
"20240105_082000",0.4621416465758,1.71645592101442
"20240105_083000",0.519799358972968,5.58255696026822
"20240105_084000",0.484045573535464,2.19509482158396
"20240105_085000",0.478900792712169,3.41351423345439
"20240105_090000",0.473523095273746,2.35315191364234
"20240105_091000",0.488528495033162,1.98189644035087
"20240105_092000",0.488618189630292,3.19878400141963
"20240105_093000",0.481351480575695,2.61856564274163
"20240105_094000",0.469416312409175,2.29384540162302
"20240105_095000",0.469544344213143,2.6177187833132
"20240105_100000",0.468834744214879,2.87067195541194
"20240105_101000",0.468658610066483,2.82941159231223
"20240105_102000",0.471715098132399,2.786073644979
"20240105_103000",0.468419183359627,3.00419487309141
"20240105_104000",0.474363258778316,2.40787281162301
"20240105_105000",0.471108936258245,2.80782087487056
"20240105_110000",0.467403247378422,3.17197306058567
"20240105_111000",0.472427229833002,3.28337942721534
"20240105_112000",0.469439459401983,3.46883489437683
"20240105_113000",0.475983548274862,3.47602423066567
"20240105_114000",0.475222229214543,3.55525559530274
"20240105_115000",0.489078959455872,3.3785033268489
"20240105_120000",0.478133325231886,2.42153784090965
"20240105_121000",0.476335454899893,2.29414254491805
"20240105_122000",0.478660642661788,2.72705238801163
"20240105_123000",0.467223134840637,2.53186554089523
"20240105_124000",0.468731306090769,2.19849405658111
"20240105_125000",0.467123675105916,1.8760595400333
"20240105_130000",0.465465048402532,2.02045677125071
"20240105_131000",0.465937030052753,1.90479931347014
"20240105_132000",0.471835896501115,1.71872293724397
"20240105_133000",0.465788744630079,2.11867664851604
"20240105_134000",0.455945124266801,1.67185673132639
"20240105_135000",0.46040345208464,1.24137503526795
"20240105_140000",0.508551728827192,3.41437874431849
"20240105_141000",0.525680503504961,4.34803457164354
"20240105_142000",0.50907000446303,3.7100279548067
"20240105_143000",0.511872598951586,1.98031919598384
"20240105_144000",0.512257779378778,2.35888019813598
"20240105_145000",0.498843373703135,2.51914361897702
"20240105_150000",0.493695337833977,2.26482345380604
"20240105_151000",0.491366533354455,2.13421234834025
"20240105_152000",0.473826176210823,2.46118729802379
"20240105_153000",0.47836009342705,2.53157754783547
"20240105_154000",0.502844186741258,2.28201583091619
"20240105_155000",0.481076610036102,3.02158526831796
"20240105_160000",0.513917129425687,2.1026759898128
"20240105_161000",0.510047603237396,3.73788866126099
"20240105_162000",0.503453603661276,3.76358278348632
"20240105_163000",0.50695530966698,3.60276923537872
"20240105_164000",0.503460475424765,4.4737446635813
"20240105_165000",0.50769058836039,2.85270886537334
"20240105_170000",0.507183162877432,2.07953994112696
"20240105_171000",0.512238972447122,3.78712197809635
"20240105_172000",0.504969370018424,2.22632553282139
"20240105_173000",0.498747892357803,4.3255148062289
"20240105_174000",0.495534438746909,2.13903123660125
"20240105_175000",0.477192978649069,2.27391221089336
"20240105_180000",0.473577346038139,2.11879585246416
"20240105_181000",0.491426932538813,2.26855802211406
"20240105_182000",0.471372956644959,2.41475840823815
"20240105_183000",0.477148493022267,2.3638632982392
"20240105_184000",0.471311110773551,2.52773385988663
"20240105_185000",0.472826153787174,2.46951698815227
"20240105_190000",0.474273202509423,2.82822365434233
"20240105_191000",0.478855222070079,2.56666900267983
"20240105_192000",0.464646223531956,2.67873001950531
"20240105_193000",0.466620951355871,2.66992685822406
"20240105_194000",0.472213843493055,2.46673763222812
"20240105_195000",0.478518867330841,2.12004024662045
"20240105_200000",0.475943402709211,1.67982879499106
"20240105_201000",0.465082761349441,2.44855274719866
"20240105_202000",0.469253560115995,2.30251188582589
"20240105_203000",0.467308127704853,2.42095257681425
"20240105_204000",0.459359305705951,1.90798555148657
"20240105_205000",0.462020848207085,1.85245279320454
"20240105_210000",0.46013726166735,1.878883508484
"20240105_211000",0.495357942926749,1.85261447080648
"20240105_212000",0.463863927509405,1.87644429973938
"20240105_213000",0.479908771914596,0.90173909627933
"20240105_214000",0.494123557200921,2.57174920909617
"20240105_215000",0.475141576411478,0.883897101218105
"20240105_220000",0.466066146872009,2.10679485016299
"20240105_221000",0.463980747488732,2.27659518783069
"20240105_222000",0.472380574175623,2.64353109649492
"20240105_223000",0.465969580511389,2.47469828169368
"20240105_224000",0.458150960347031,1.81062810141893
"20240105_225000",0.45938534607286,2.16805638571395
"20240105_230000",0.461066034753763,1.85106290781863
"20240105_231000",0.467756600690504,2.31231906806563
"20240105_232000",0.4608779654372,1.83387292393851
"20240105_233000",0.457866686341611,1.65439732676149
"20240105_234000",0.458605581752647,1.75523131122838
"20240105_235000",0.463714918743205,2.07945548062577
"20240106_000000",0.461950322213373,2.05439822930182
"20240106_001000",0.462643646982319,2.06707739094463
"20240106_002000",0.46147942557844,1.97237724199173
"20240106_003000",0.46408671731518,1.94695059575508
"20240106_004000",0.460571991126022,2.0344609938925
"20240106_005000",0.460693512838263,1.84685347790658
"20240106_010000",0.461098223540636,1.94021312851225
"20240106_011000",0.461954662274525,1.84206947478118
"20240106_012000",0.460501103460548,1.72638843863525
"20240106_013000",0.460021888375074,1.7155833779177
"20240106_014000",0.458111899796668,1.69898395547535
"20240106_015000",0.459892048212293,1.86991080608589
"20240106_020000",0.45706232834154,1.77814303472814
"20240106_021000",0.458711189907332,1.67823513639413
"20240106_022000",0.459434171760813,1.83648667057879
"20240106_023000",0.46133186349929,1.94049669152141
"20240106_024000",0.461415048004693,1.94879508827646
"20240106_025000",0.464151818232452,2.14423205625908
"20240106_030000",0.460090967681735,2.09907523876965
"20240106_031000",0.461766954629724,2.01479227740671
"20240106_032000",0.462232064516456,1.98596578847159
"20240106_033000",0.45966962007828,1.87122730226636
"20240106_034000",0.457746972988183,2.00573506708539
"20240106_035000",0.45996474423658,2.0389870385675
"20240106_040000",0.461025165844587,2.13058524114627
"20240106_041000",0.462709832914879,2.18629936860874
"20240106_042000",0.465574634946606,2.39037306538188
"20240106_043000",0.468401461443258,2.48788847664121
"20240106_044000",0.463943856968945,2.37498652338962
"20240106_045000",0.465755470827917,2.55621152387558
"20240106_050000",0.471066258990256,2.73171962143205
"20240106_051000",0.465320379697483,2.83485328420915
"20240106_052000",0.467680649620353,2.9878961996684
"20240106_053000",0.46813273932363,2.9556901621076
"20240106_054000",0.468148291209423,3.12533176114445
"20240106_055000",0.471051068776226,3.29861886939325
"20240106_060000",0.471741500171071,3.29662413121886
"20240106_061000",0.471110382945296,3.29375723448237
"20240106_062000",0.468446308741824,3.39669710555809
"20240106_063000",0.475107579265792,3.4413312530697
"20240106_064000",0.474425466321487,3.77591808700693
"20240106_065000",0.475805244095889,3.86702283470498
"20240106_070000",0.474162169278298,3.90598422673139
"20240106_071000",0.476583200057289,3.86691988124352
"20240106_072000",0.470494455933551,3.87967673226598
"20240106_073000",0.470177993141257,3.84282907158157
"20240106_074000",0.472651104654065,3.82972224135638
"20240106_075000",0.472258329119857,3.94497044917755
"20240106_080000",0.472435548283542,3.91119497668873
"20240106_081000",0.473750225140672,3.84474927997583
"20240106_082000",0.4738699384941,3.8540913281574
"20240106_083000",0.476681213104959,3.62340222511358
"20240106_084000",0.491821878103596,4.60035009727048
"20240106_085000",0.483775404728786,4.34768532158094
"20240106_090000",0.484294765379911,2.70518034379155
"20240106_091000",0.488767921740017,2.70076646945694
"20240106_092000",0.47655571300333,4.11390150294594
"20240106_093000",0.476472890169689,3.83761158375021
"20240106_094000",0.473871023509388,4.03462802564508
"20240106_095000",0.481185473236651,3.03630668956684
"20240106_100000",0.494199869942834,4.70709602989736
"20240106_101000",0.474310454700973,4.02351444123778
"20240106_102000",0.475567264076084,3.75695959595499
"20240106_103000",0.477123175998883,3.41663928637558
"20240106_104000",0.480178940721275,3.93545700116401
"20240106_105000",0.475795840630061,3.31705216309016
"20240106_110000",0.475446465707368,2.39818929953324
"20240106_111000",0.47412238538441,3.71688009123407
"20240106_112000",0.469185565824622,3.17290814968392
"20240106_113000",0.468537811697767,2.40684934822436
"20240106_114000",0.469009793347988,2.31721319512056
"20240106_115000",0.465127246976243,2.23863449665768
"20240106_120000",0.48662176150062,1.9875904062101
"20240106_121000",0.465611525466394,5.42443424964287
"20240106_122000",0.462746000091141,1.56096205610178
"20240106_123000",0.475816817592293,2.07766726852309
"20240106_124000",0.46352938112898,2.59305387674762
"20240106_125000",0.452600745477837,0.830310115076822
"20240106_130000",0.458514440468466,0.964858964353579
"20240106_131000",0.454684336502301,0.821486916007146
"20240106_132000",0.462619053302461,1.5240741537451
"20240106_133000",0.45823486819596,1.30585445662033
"20240106_134000",0.483449538470664,1.83076580317953
"20240106_135000",0.461114498769954,1.26313553960086
"20240106_140000",0.475105047563454,1.28086927595824
"20240106_141000",0.476702913410717,0.899519399827764
"20240106_142000",0.449394163630432,0.73359573520825
"20240106_143000",0.451761666988555,0.912865797809646
"20240106_144000",0.452017368924728,1.01329967096913
"20240106_145000",0.445521382396278,0.866310111960511
"20240106_150000",0.487383803904464,0.725339687569108
"20240106_151000",0.476842880382851,0.906731490686489
"20240106_152000",0.46916314217534,0.595274929201371
"20240106_153000",0.4769875490879,0.981582481015404
"20240106_154000",0.452570365049777,0.927497450953218
"20240106_155000",0.44212673123231,0.964640766727335
"20240106_160000",0.456825433337022,0.71019176421195
"20240106_161000",0.470698800479432,0.697762018225688
"20240106_162000",0.440223252745631,0.658695373285224
"20240106_163000",0.465124715273905,0.774813693785
"20240106_164000",0.441613519001149,0.536932076417606
"20240106_165000",0.443349905133497,0.61536243231986
"20240106_170000",0.459615369313887,0.629795665011237
"20240106_171000",0.471377296706111,0.705418373882845
"20240106_172000",0.455791052095924,0.803056103186198
"20240106_173000",0.488629039783171,1.28060537081052
"20240106_174000",0.469381591919963,0.552256754437447
"20240106_175000",0.450331255167385,0.504074139265743
"20240106_180000",0.435729481095055,0.458295855482642
"20240106_181000",0.439860134295959,0.601677488109254
"20240106_182000",0.465482408647138,0.429094772876959
"20240106_183000",0.443025847234188,0.833724192050312
"20240106_184000",0.462786507328555,0.862558560794358
"20240106_185000",0.458624027012541,0.63451677695173
"20240106_190000",0.460728956671,2.74584471596973
"20240106_191000",0.441772654576703,0.740770707393714
"20240106_192000",0.451248816429157,0.616790638712193
"20240106_193000",0.450401419489334,0.648417439375227
"20240106_194000",0.454058644352966,0.515863412267338
"20240106_195000",0.435040496387261,0.507804363228747
"20240106_200000",0.466627099775836,3.49455519738447
"20240106_201000",0.437987397909103,0.732400035549712
"20240106_202000",0.44004928862781,0.921196982802524
"20240106_203000",0.451464734471442,0.717193449894603
"20240106_204000",0.476619367233551,0.555876880091632
"20240106_205000",0.446965899416189,0.972247830755255
"20240106_210000",0.446688497174259,0.770653749351498
"20240106_211000",0.448697945487385,1.23296596483259
"20240106_212000",0.462693557685561,1.30967276600757
"20240106_213000",0.481367755805013,0.833558208941655
"20240106_214000",0.457202295313674,0.865469287395011
"20240106_215000",0.472525242880672,2.49213066615412
"20240106_220000",0.460039971963205,2.61881477168731
"20240106_221000",0.459029822730202,2.61176527912831
"20240106_222000",0.460792610901221,2.27432692175779
"20240106_223000",0.463159390915818,2.07717033431073
"20240106_224000",0.477449042257005,1.6588482281698
"20240106_225000",0.51638409251853,3.23342732524136
"20240106_230000",0.500351544953268,3.21755283200508
"20240106_231000",0.557243598228966,2.93034212212161
"20240106_232000",0.510803497221276,3.26221951884079
"20240106_233000",0.505509345960018,2.62350764924762
"20240106_234000",0.504436989183844,3.44265410003563
"20240106_235000",0.501618842809495,3.67223687975977
